{"v":"5.5.7","meta":{"g":"LottieFiles AE 0.1.20","a":"","k":"","d":"","tc":""},"fr":60,"ip":0,"op":167,"w":512,"h":512,"nm":"ServiceMan","ddd":0,"assets":[],"layers":[{"ddd":0,"ind":1,"ty":4,"nm":"Eyebrow_R Outlines","parent":7,"sr":1,"ks":{"o":{"a":0,"k":100,"ix":11},"r":{"a":1,"k":[{"i":{"x":[0.667],"y":[1]},"o":{"x":[0.333],"y":[0]},"t":0,"s":[0]},{"i":{"x":[0.667],"y":[1]},"o":{"x":[0.333],"y":[0]},"t":27,"s":[0]},{"i":{"x":[0.667],"y":[1]},"o":{"x":[0.333],"y":[0]},"t":42,"s":[-14]},{"i":{"x":[0.667],"y":[1]},"o":{"x":[0.333],"y":[0]},"t":130,"s":[-14]},{"t":153,"s":[0]}],"ix":10},"p":{"a":0,"k":[217.841,168.143,0],"ix":2},"a":{"a":0,"k":[217.841,168.143,0],"ix":1},"s":{"a":0,"k":[100,100,100],"ix":6}},"ao":0,"shapes":[{"ty":"gr","it":[{"ind":0,"ty":"sh","ix":1,"ks":{"a":0,"k":{"i":[[-0.881,3.372],[4.008,1.046],[11.641,-3.039],[-1.046,-4.007],[-4.004,1.046],[-9.164,-2.393],[-0.627,0]],"o":[[1.046,-4.008],[-11.641,-3.039],[-4.008,1.046],[1.047,4.008],[9.164,-2.393],[0.635,0.166],[3.33,0]],"v":[[20.553,2.891],[15.19,-6.26],[-15.191,-6.26],[-20.553,2.891],[-11.402,8.253],[11.402,8.253],[13.3,8.498]],"c":true},"ix":2},"nm":"Path 1","mn":"ADBE Vector Shape - Group","hd":false},{"ty":"fl","c":{"a":0,"k":[0.607999973671,0.322000002394,0.234999997008,1],"ix":4},"o":{"a":0,"k":100,"ix":5},"r":1,"bm":0,"nm":"Fill 1","mn":"ADBE Vector Graphic - Fill","hd":false},{"ty":"tr","p":{"a":0,"k":[217.841,168.163],"ix":2},"a":{"a":0,"k":[0,0],"ix":1},"s":{"a":0,"k":[100,100],"ix":3},"r":{"a":0,"k":0,"ix":6},"o":{"a":0,"k":100,"ix":7},"sk":{"a":0,"k":0,"ix":4},"sa":{"a":0,"k":0,"ix":5},"nm":"Transform"}],"nm":"Group 1","np":2,"cix":2,"bm":0,"ix":1,"mn":"ADBE Vector Group","hd":false}],"ip":0,"op":1800,"st":0,"bm":0},{"ddd":0,"ind":2,"ty":4,"nm":"Eyebrow_L Outlines","parent":7,"sr":1,"ks":{"o":{"a":0,"k":100,"ix":11},"r":{"a":1,"k":[{"i":{"x":[0.667],"y":[1]},"o":{"x":[0.333],"y":[0]},"t":0,"s":[0]},{"i":{"x":[0.667],"y":[1]},"o":{"x":[0.333],"y":[0]},"t":27,"s":[0]},{"i":{"x":[0.667],"y":[1]},"o":{"x":[0.333],"y":[0]},"t":42,"s":[17]},{"i":{"x":[0.667],"y":[1]},"o":{"x":[0.333],"y":[0]},"t":130,"s":[17]},{"t":153,"s":[0]}],"ix":10},"p":{"a":0,"k":[294.487,168.141,0],"ix":2},"a":{"a":0,"k":[294.487,168.141,0],"ix":1},"s":{"a":0,"k":[100,100,100],"ix":6}},"ao":0,"shapes":[{"ty":"gr","it":[{"ind":0,"ty":"sh","ix":1,"ks":{"a":0,"k":{"i":[[4.008,1.047],[11.642,-3.039],[-1.046,-4.007],[-4.005,1.046],[-9.164,-2.393],[-0.627,0],[-0.881,3.372]],"o":[[-11.641,-3.039],[-4.008,1.046],[1.048,4.008],[9.164,-2.393],[0.636,0.166],[3.33,0],[1.046,-4.007]],"v":[[15.191,-6.26],[-15.19,-6.26],[-20.552,2.891],[-11.401,8.253],[11.402,8.253],[13.301,8.498],[20.553,2.891]],"c":true},"ix":2},"nm":"Path 1","mn":"ADBE Vector Shape - Group","hd":false},{"ty":"fl","c":{"a":0,"k":[0.607999973671,0.322000002394,0.234999997008,1],"ix":4},"o":{"a":0,"k":100,"ix":5},"r":1,"bm":0,"nm":"Fill 1","mn":"ADBE Vector Graphic - Fill","hd":false},{"ty":"tr","p":{"a":0,"k":[294.487,168.162],"ix":2},"a":{"a":0,"k":[0,0],"ix":1},"s":{"a":0,"k":[100,100],"ix":3},"r":{"a":0,"k":0,"ix":6},"o":{"a":0,"k":100,"ix":7},"sk":{"a":0,"k":0,"ix":4},"sa":{"a":0,"k":0,"ix":5},"nm":"Transform"}],"nm":"Group 1","np":2,"cix":2,"bm":0,"ix":1,"mn":"ADBE Vector Group","hd":false}],"ip":0,"op":1800,"st":0,"bm":0},{"ddd":0,"ind":3,"ty":4,"nm":"Nose Outlines","parent":7,"sr":1,"ks":{"o":{"a":0,"k":100,"ix":11},"r":{"a":0,"k":0,"ix":10},"p":{"a":0,"k":[256,256,0],"ix":2},"a":{"a":0,"k":[256,256,0],"ix":1},"s":{"a":0,"k":[100,100,100],"ix":6}},"ao":0,"shapes":[{"ty":"gr","it":[{"ind":0,"ty":"sh","ix":1,"ks":{"a":0,"k":{"i":[[-4.008,-1.047],[-2.51,0],[-3.056,0.798],[1.048,4.007],[4.013,-1.043],[3.603,0.942],[1.047,-4.009]],"o":[[3.057,0.798],[2.51,0],[4.007,-1.048],[-1.046,-4.008],[-3.605,0.943],[-4.008,-1.043],[-1.046,4.008]],"v":[[-8.076,7.181],[-0.001,8.377],[8.076,7.181],[13.436,-1.971],[4.284,-7.334],[-4.288,-7.334],[-13.439,-1.971]],"c":true},"ix":2},"nm":"Path 1","mn":"ADBE Vector Shape - Group","hd":false},{"ty":"fl","c":{"a":0,"k":[1,0.745000023935,0.677999997606,1],"ix":4},"o":{"a":0,"k":100,"ix":5},"r":1,"bm":0,"nm":"Fill 1","mn":"ADBE Vector Graphic - Fill","hd":false},{"ty":"tr","p":{"a":0,"k":[256.164,255.926],"ix":2},"a":{"a":0,"k":[0,0],"ix":1},"s":{"a":0,"k":[100,100],"ix":3},"r":{"a":0,"k":0,"ix":6},"o":{"a":0,"k":100,"ix":7},"sk":{"a":0,"k":0,"ix":4},"sa":{"a":0,"k":0,"ix":5},"nm":"Transform"}],"nm":"Group 1","np":2,"cix":2,"bm":0,"ix":1,"mn":"ADBE Vector Group","hd":false}],"ip":0,"op":1800,"st":0,"bm":0},{"ddd":0,"ind":4,"ty":4,"nm":"mouth Outlines","parent":7,"sr":1,"ks":{"o":{"a":0,"k":100,"ix":11},"r":{"a":0,"k":0,"ix":10},"p":{"a":0,"k":[256.164,278.637,0],"ix":2},"a":{"a":0,"k":[256.164,278.637,0],"ix":1},"s":{"a":0,"k":[100,100,100],"ix":6}},"ao":0,"shapes":[{"ty":"gr","it":[{"ind":0,"ty":"sh","ix":1,"ks":{"a":1,"k":[{"i":{"x":0.667,"y":1},"o":{"x":0.333,"y":0},"t":0,"s":[{"i":[[3.621,-2.015],[9.729,5.414],[2.014,-3.619],[-3.62,-2.014],[-7.976,0],[-7.113,3.96],[2.015,3.62]],"o":[[-9.729,5.415],[-3.62,-2.015],[-2.013,3.62],[7.113,3.959],[7.976,0],[3.619,-2.014],[-2.014,-3.619]],"v":[[15.771,-8.516],[-15.771,-8.516],[-25.973,-5.609],[-23.065,4.592],[-0.001,10.531],[23.064,4.592],[25.97,-5.609]],"c":true}]},{"i":{"x":0.667,"y":1},"o":{"x":0.333,"y":0},"t":27,"s":[{"i":[[3.621,-2.015],[9.729,5.414],[2.014,-3.619],[-3.62,-2.014],[-7.976,0],[-7.113,3.96],[2.015,3.62]],"o":[[-9.729,5.415],[-3.62,-2.015],[-2.013,3.62],[7.113,3.959],[7.976,0],[3.619,-2.014],[-2.014,-3.619]],"v":[[15.771,-8.516],[-15.771,-8.516],[-25.973,-5.609],[-23.065,4.592],[-0.001,10.531],[23.064,4.592],[25.97,-5.609]],"c":true}]},{"i":{"x":0.667,"y":1},"o":{"x":0.333,"y":0},"t":42,"s":[{"i":[[3.621,-2.015],[9.729,5.414],[2.014,-3.619],[-3.197,-2.634],[-15.47,0.021],[-6.792,7.359],[2.015,3.62]],"o":[[-9.729,5.415],[-3.62,-2.015],[-2.013,3.62],[8.773,7.227],[13.617,-0.019],[2.809,-3.044],[-2.014,-3.619]],"v":[[22.267,-11.82],[-21.832,-11.445],[-32.033,-8.539],[-29.126,1.662],[2.249,14.196],[29.561,1.287],[32.467,-8.914]],"c":true}]},{"i":{"x":0.667,"y":1},"o":{"x":0.333,"y":0},"t":130,"s":[{"i":[[3.621,-2.015],[9.729,5.414],[2.014,-3.619],[-3.197,-2.634],[-15.47,0.021],[-6.792,7.359],[2.015,3.62]],"o":[[-9.729,5.415],[-3.62,-2.015],[-2.013,3.62],[8.773,7.227],[13.617,-0.019],[2.809,-3.044],[-2.014,-3.619]],"v":[[22.267,-11.82],[-21.832,-11.445],[-32.033,-8.539],[-29.126,1.662],[2.249,14.196],[29.561,1.287],[32.467,-8.914]],"c":true}]},{"t":153,"s":[{"i":[[3.621,-2.015],[9.729,5.414],[2.014,-3.619],[-3.62,-2.014],[-7.976,0],[-7.113,3.96],[2.015,3.62]],"o":[[-9.729,5.415],[-3.62,-2.015],[-2.013,3.62],[7.113,3.959],[7.976,0],[3.619,-2.014],[-2.014,-3.619]],"v":[[15.771,-8.516],[-15.771,-8.516],[-25.973,-5.609],[-23.065,4.592],[-0.001,10.531],[23.064,4.592],[25.97,-5.609]],"c":true}]}],"ix":2},"nm":"Path 1","mn":"ADBE Vector Shape - Group","hd":false},{"ty":"fl","c":{"a":0,"k":[1,0.745000023935,0.677999997606,1],"ix":4},"o":{"a":0,"k":100,"ix":5},"r":1,"bm":0,"nm":"Fill 1","mn":"ADBE Vector Graphic - Fill","hd":false},{"ty":"tr","p":{"a":0,"k":[256.164,278.103],"ix":2},"a":{"a":0,"k":[0,0],"ix":1},"s":{"a":0,"k":[100,100],"ix":3},"r":{"a":0,"k":0,"ix":6},"o":{"a":0,"k":100,"ix":7},"sk":{"a":0,"k":0,"ix":4},"sa":{"a":0,"k":0,"ix":5},"nm":"Transform"}],"nm":"Group 1","np":2,"cix":2,"bm":0,"ix":1,"mn":"ADBE Vector Group","hd":false}],"ip":0,"op":1800,"st":0,"bm":0},{"ddd":0,"ind":5,"ty":4,"nm":"L_eye Outlines","parent":7,"sr":1,"ks":{"o":{"a":0,"k":100,"ix":11},"r":{"a":0,"k":0,"ix":10},"p":{"a":0,"k":[212.896,214.414,0],"ix":2},"a":{"a":0,"k":[212.896,214.414,0],"ix":1},"s":{"a":0,"k":[100,100,100],"ix":6}},"ao":0,"shapes":[{"ty":"gr","it":[{"ind":0,"ty":"sh","ix":1,"ks":{"a":1,"k":[{"i":{"x":0.667,"y":1},"o":{"x":0.333,"y":0},"t":0,"s":[{"i":[[4.143,0],[0,-4.142],[0,0],[-4.143,0],[0,4.142],[0,0]],"o":[[-4.143,0],[0,0],[0,4.142],[4.143,0],[0,0],[0,-4.142]],"v":[[0,-10.59],[-7.5,-3.09],[-7.5,3.09],[0,10.59],[7.5,3.09],[7.5,-3.09]],"c":true}]},{"i":{"x":0.667,"y":1},"o":{"x":0.333,"y":0},"t":27,"s":[{"i":[[4.143,0],[0,-4.142],[0,0],[-4.143,0],[0,4.142],[0,0]],"o":[[-4.143,0],[0,0],[0,4.142],[4.143,0],[0,0],[0,-4.142]],"v":[[0,-10.59],[-7.5,-3.09],[-7.5,3.09],[0,10.59],[7.5,3.09],[7.5,-3.09]],"c":true}]},{"i":{"x":0.667,"y":1},"o":{"x":0.333,"y":0},"t":42,"s":[{"i":[[4.143,0],[0,-4.142],[0,0],[-4.143,0],[0,4.142],[0,0]],"o":[[-4.143,0],[0,0],[0,4.142],[4.143,0],[0,0],[0,-4.142]],"v":[[0,-10.59],[-7.5,-3.09],[-7.5,3.09],[-0.253,-3.712],[7.5,3.09],[7.5,-3.09]],"c":true}]},{"i":{"x":0.667,"y":1},"o":{"x":0.333,"y":0},"t":130,"s":[{"i":[[4.143,0],[0,-4.142],[0,0],[-4.143,0],[0,4.142],[0,0]],"o":[[-4.143,0],[0,0],[0,4.142],[4.143,0],[0,0],[0,-4.142]],"v":[[0,-10.59],[-7.5,-3.09],[-7.5,3.09],[-0.253,-3.712],[7.5,3.09],[7.5,-3.09]],"c":true}]},{"t":153,"s":[{"i":[[4.143,0],[0,-4.142],[0,0],[-4.143,0],[0,4.142],[0,0]],"o":[[-4.143,0],[0,0],[0,4.142],[4.143,0],[0,0],[0,-4.142]],"v":[[0,-10.59],[-7.5,-3.09],[-7.5,3.09],[0,10.59],[7.5,3.09],[7.5,-3.09]],"c":true}]}],"ix":2},"nm":"Path 1","mn":"ADBE Vector Shape - Group","hd":false},{"ty":"fl","c":{"a":0,"k":[0.607999973671,0.322000002394,0.234999997008,1],"ix":4},"o":{"a":0,"k":100,"ix":5},"r":1,"bm":0,"nm":"Fill 1","mn":"ADBE Vector Graphic - Fill","hd":false},{"ty":"tr","p":{"a":0,"k":[212.896,214.414],"ix":2},"a":{"a":0,"k":[0,0],"ix":1},"s":{"a":0,"k":[100,100],"ix":3},"r":{"a":0,"k":0,"ix":6},"o":{"a":0,"k":100,"ix":7},"sk":{"a":0,"k":0,"ix":4},"sa":{"a":0,"k":0,"ix":5},"nm":"Transform"}],"nm":"Group 1","np":2,"cix":2,"bm":0,"ix":1,"mn":"ADBE Vector Group","hd":false}],"ip":0,"op":1800,"st":0,"bm":0},{"ddd":0,"ind":6,"ty":4,"nm":"R_eye Outlines","parent":7,"sr":1,"ks":{"o":{"a":0,"k":100,"ix":11},"r":{"a":0,"k":0,"ix":10},"p":{"a":0,"k":[299.432,214.414,0],"ix":2},"a":{"a":0,"k":[299.432,214.414,0],"ix":1},"s":{"a":0,"k":[100,100,100],"ix":6}},"ao":0,"shapes":[{"ty":"gr","it":[{"ind":0,"ty":"sh","ix":1,"ks":{"a":1,"k":[{"i":{"x":0.667,"y":1},"o":{"x":0.333,"y":0},"t":0,"s":[{"i":[[4.143,0],[0,-4.142],[0,0],[-4.143,0],[0,4.142],[0,0]],"o":[[-4.143,0],[0,0],[0,4.142],[4.144,0],[0,0],[0,-4.142]],"v":[[0,-10.59],[-7.5,-3.09],[-7.5,3.09],[0,10.59],[7.5,3.09],[7.5,-3.09]],"c":true}]},{"i":{"x":0.667,"y":1},"o":{"x":0.333,"y":0},"t":27,"s":[{"i":[[4.143,0],[0,-4.142],[0,0],[-4.143,0],[0,4.142],[0,0]],"o":[[-4.143,0],[0,0],[0,4.142],[4.144,0],[0,0],[0,-4.142]],"v":[[0,-10.59],[-7.5,-3.09],[-7.5,3.09],[0,10.59],[7.5,3.09],[7.5,-3.09]],"c":true}]},{"i":{"x":0.667,"y":1},"o":{"x":0.333,"y":0},"t":42,"s":[{"i":[[4.143,0],[0,-4.142],[0,0],[-4.143,0],[0,4.142],[0,0]],"o":[[-4.143,0],[0,0],[0,4.142],[4.144,0],[0,0],[0,-4.142]],"v":[[0,-10.59],[-7.5,-3.09],[-7.5,3.09],[-0.073,-2.697],[7.5,3.09],[7.5,-3.09]],"c":true}]},{"i":{"x":0.667,"y":1},"o":{"x":0.333,"y":0},"t":130,"s":[{"i":[[4.143,0],[0,-4.142],[0,0],[-4.143,0],[0,4.142],[0,0]],"o":[[-4.143,0],[0,0],[0,4.142],[4.144,0],[0,0],[0,-4.142]],"v":[[0,-10.59],[-7.5,-3.09],[-7.5,3.09],[-0.073,-2.697],[7.5,3.09],[7.5,-3.09]],"c":true}]},{"t":153,"s":[{"i":[[4.143,0],[0,-4.142],[0,0],[-4.143,0],[0,4.142],[0,0]],"o":[[-4.143,0],[0,0],[0,4.142],[4.144,0],[0,0],[0,-4.142]],"v":[[0,-10.59],[-7.5,-3.09],[-7.5,3.09],[0,10.59],[7.5,3.09],[7.5,-3.09]],"c":true}]}],"ix":2},"nm":"Path 1","mn":"ADBE Vector Shape - Group","hd":false},{"ty":"fl","c":{"a":0,"k":[0.607999973671,0.322000002394,0.234999997008,1],"ix":4},"o":{"a":0,"k":100,"ix":5},"r":1,"bm":0,"nm":"Fill 1","mn":"ADBE Vector Graphic - Fill","hd":false},{"ty":"tr","p":{"a":0,"k":[299.432,214.414],"ix":2},"a":{"a":0,"k":[0,0],"ix":1},"s":{"a":0,"k":[100,100],"ix":3},"r":{"a":0,"k":0,"ix":6},"o":{"a":0,"k":100,"ix":7},"sk":{"a":0,"k":0,"ix":4},"sa":{"a":0,"k":0,"ix":5},"nm":"Transform"}],"nm":"Group 1","np":2,"cix":2,"bm":0,"ix":1,"mn":"ADBE Vector Group","hd":false}],"ip":0,"op":1800,"st":0,"bm":0},{"ddd":0,"ind":7,"ty":4,"nm":"Head Outlines","sr":1,"ks":{"o":{"a":0,"k":100,"ix":11},"r":{"a":1,"k":[{"i":{"x":[0.667],"y":[1]},"o":{"x":[0.333],"y":[0]},"t":0,"s":[0]},{"i":{"x":[0.667],"y":[1]},"o":{"x":[0.333],"y":[0]},"t":27,"s":[-4]},{"i":{"x":[0.667],"y":[1]},"o":{"x":[0.333],"y":[0]},"t":130,"s":[-4]},{"t":153,"s":[0]}],"ix":10},"p":{"a":1,"k":[{"i":{"x":0.667,"y":0.667},"o":{"x":0.333,"y":0.333},"t":0,"s":[256,328,0],"to":[0,0,0],"ti":[0,0,0]},{"i":{"x":0.667,"y":1},"o":{"x":0.333,"y":0},"t":27,"s":[256,328,0],"to":[0.167,0.167,0],"ti":[0.083,0.125,0]},{"i":{"x":0.667,"y":1},"o":{"x":0.333,"y":0},"t":42,"s":[257,329,0],"to":[-0.083,-0.125,0],"ti":[0,0,0]},{"i":{"x":0.667,"y":1},"o":{"x":0.333,"y":0},"t":48,"s":[255.5,327.25,0],"to":[0,0,0],"ti":[0,0,0]},{"i":{"x":0.667,"y":1},"o":{"x":0.333,"y":0},"t":53,"s":[257,329,0],"to":[0,0,0],"ti":[0,0,0]},{"i":{"x":0.667,"y":1},"o":{"x":0.333,"y":0},"t":59,"s":[255.5,327.25,0],"to":[0,0,0],"ti":[0,0,0]},{"i":{"x":0.667,"y":1},"o":{"x":0.333,"y":0},"t":64,"s":[257,329,0],"to":[0,0,0],"ti":[0,0,0]},{"i":{"x":0.667,"y":1},"o":{"x":0.333,"y":0},"t":70,"s":[255.5,327.25,0],"to":[0,0,0],"ti":[0,0,0]},{"i":{"x":0.667,"y":1},"o":{"x":0.333,"y":0},"t":75,"s":[257,329,0],"to":[0,0,0],"ti":[0,0,0]},{"i":{"x":0.667,"y":1},"o":{"x":0.333,"y":0},"t":81,"s":[255.5,327.25,0],"to":[0,0,0],"ti":[0,0,0]},{"i":{"x":0.667,"y":1},"o":{"x":0.333,"y":0},"t":86,"s":[257,329,0],"to":[0,0,0],"ti":[0,0,0]},{"i":{"x":0.667,"y":1},"o":{"x":0.333,"y":0},"t":92,"s":[255.5,327.25,0],"to":[0,0,0],"ti":[0,0,0]},{"i":{"x":0.667,"y":1},"o":{"x":0.333,"y":0},"t":97,"s":[257,329,0],"to":[0,0,0],"ti":[0,0,0]},{"i":{"x":0.667,"y":1},"o":{"x":0.333,"y":0},"t":103,"s":[255.5,327.25,0],"to":[0,0,0],"ti":[0,0,0]},{"i":{"x":0.667,"y":1},"o":{"x":0.333,"y":0},"t":108,"s":[257,329,0],"to":[0,0,0],"ti":[0,0,0]},{"i":{"x":0.667,"y":1},"o":{"x":0.333,"y":0},"t":114,"s":[255.5,327.25,0],"to":[0,0,0],"ti":[0,0,0]},{"i":{"x":0.667,"y":1},"o":{"x":0.333,"y":0},"t":119,"s":[257,329,0],"to":[0,0,0],"ti":[0.167,0.167,0]},{"i":{"x":0.667,"y":1},"o":{"x":0.333,"y":0},"t":125,"s":[255.5,327.25,0],"to":[-0.167,-0.167,0],"ti":[-0.083,-0.125,0]},{"i":{"x":0.667,"y":0.667},"o":{"x":0.333,"y":0.333},"t":130,"s":[256,328,0],"to":[0,0,0],"ti":[0,0,0]},{"t":153,"s":[256,328,0]}],"ix":2},"a":{"a":0,"k":[256,328,0],"ix":1},"s":{"a":0,"k":[100,100,100],"ix":6}},"ao":0,"shapes":[{"ty":"gr","it":[{"ind":0,"ty":"sh","ix":1,"ks":{"a":0,"k":{"i":[[8.143,0],[0,0],[0,-8.142],[0,0],[5.393,0],[0,0],[0,5.392],[0,0]],"o":[[0,0],[8.141,0],[0,0],[0,5.392],[0,0],[5.392,0],[0,0],[0,-8.142]],"v":[[8.081,-15.453],[-22.823,-15.453],[-8.08,-0.71],[-8.08,5.69],[-17.844,15.453],[13.061,15.453],[22.824,5.69],[22.824,-0.71]],"c":true},"ix":2},"nm":"Path 1","mn":"ADBE Vector Shape - Group","hd":false},{"ty":"fl","c":{"a":0,"k":[0.905999995213,0.894000004787,0.905999995213,1],"ix":4},"o":{"a":0,"k":100,"ix":5},"r":1,"bm":0,"nm":"Fill 1","mn":"ADBE Vector Graphic - Fill","hd":false},{"ty":"tr","p":{"a":0,"k":[372.939,128.772],"ix":2},"a":{"a":0,"k":[0,0],"ix":1},"s":{"a":0,"k":[100,100],"ix":3},"r":{"a":0,"k":0,"ix":6},"o":{"a":0,"k":100,"ix":7},"sk":{"a":0,"k":0,"ix":4},"sa":{"a":0,"k":0,"ix":5},"nm":"Transform"}],"nm":"Group 1","np":2,"cix":2,"bm":0,"ix":1,"mn":"ADBE Vector Group","hd":false},{"ty":"gr","it":[{"ind":0,"ty":"sh","ix":1,"ks":{"a":0,"k":{"i":[[2.844,0],[0,0],[0,9.541],[-9.541,0],[0,0],[0,-2.845],[0,0]],"o":[[0,0],[-9.541,0],[0,-9.541],[0,0],[2.845,0],[0,0],[0,2.844]],"v":[[10.429,17.275],[1.695,17.275],[-15.58,0],[1.695,-17.275],[10.429,-17.275],[15.58,-12.124],[15.58,12.125]],"c":true},"ix":2},"nm":"Path 1","mn":"ADBE Vector Shape - Group","hd":false},{"ty":"fl","c":{"a":0,"k":[0.481999984442,0.447000002394,0.481999984442,1],"ix":4},"o":{"a":0,"k":100,"ix":5},"r":1,"bm":0,"nm":"Fill 1","mn":"ADBE Vector Graphic - Fill","hd":false},{"ty":"tr","p":{"a":0,"k":[147.666,205.773],"ix":2},"a":{"a":0,"k":[0,0],"ix":1},"s":{"a":0,"k":[100,100],"ix":3},"r":{"a":0,"k":0,"ix":6},"o":{"a":0,"k":100,"ix":7},"sk":{"a":0,"k":0,"ix":4},"sa":{"a":0,"k":0,"ix":5},"nm":"Transform"}],"nm":"Group 2","np":2,"cix":2,"bm":0,"ix":2,"mn":"ADBE Vector Group","hd":false},{"ty":"gr","it":[{"ind":0,"ty":"sh","ix":1,"ks":{"a":0,"k":{"i":[[3.334,2.458],[0,0],[0,0],[4.143,0],[0,-4.142],[0,0],[-1.918,-1.414],[0,0],[-1.545,0],[-1.471,1.995]],"o":[[0,0],[0,0],[0,-4.142],[-4.143,0],[0,0],[0,2.384],[0,0],[1.34,0.987],[2.302,0],[2.457,-3.334]],"v":[[25.801,59.623],[-14.846,29.673],[-14.846,-65.661],[-22.346,-73.161],[-29.846,-65.661],[-29.846,33.462],[-26.796,39.5],[16.902,71.699],[21.346,73.161],[27.389,70.111]],"c":true},"ix":2},"nm":"Path 1","mn":"ADBE Vector Shape - Group","hd":false},{"ty":"fl","c":{"a":0,"k":[0.40800000359,0.380000005984,0.411999990426,1],"ix":4},"o":{"a":0,"k":100,"ix":5},"r":1,"bm":0,"nm":"Fill 1","mn":"ADBE Vector Graphic - Fill","hd":false},{"ty":"tr","p":{"a":0,"k":[166.849,276.473],"ix":2},"a":{"a":0,"k":[0,0],"ix":1},"s":{"a":0,"k":[100,100],"ix":3},"r":{"a":0,"k":0,"ix":6},"o":{"a":0,"k":100,"ix":7},"sk":{"a":0,"k":0,"ix":4},"sa":{"a":0,"k":0,"ix":5},"nm":"Transform"}],"nm":"Group 3","np":2,"cix":2,"bm":0,"ix":3,"mn":"ADBE Vector Group","hd":false},{"ty":"gr","it":[{"ind":0,"ty":"sh","ix":1,"ks":{"a":0,"k":{"i":[[5.392,0],[0,0],[0,5.392],[0,0],[-8.142,0],[0,0],[0,-8.142],[0,0]],"o":[[0,0],[-5.392,0],[0,0],[0,-8.142],[0,0],[8.142,0],[0,0],[0,5.392]],"v":[[130,15.452],[-130,15.452],[-139.763,5.69],[-139.763,-0.709],[-125.02,-15.452],[125.02,-15.452],[139.763,-0.709],[139.763,5.69]],"c":true},"ix":2},"nm":"Path 1","mn":"ADBE Vector Shape - Group","hd":false},{"ty":"fl","c":{"a":0,"k":[0.961000031116,0.948999980852,0.957000014361,1],"ix":4},"o":{"a":0,"k":100,"ix":5},"r":1,"bm":0,"nm":"Fill 1","mn":"ADBE Vector Graphic - Fill","hd":false},{"ty":"tr","p":{"a":0,"k":[256,128.773],"ix":2},"a":{"a":0,"k":[0,0],"ix":1},"s":{"a":0,"k":[100,100],"ix":3},"r":{"a":0,"k":0,"ix":6},"o":{"a":0,"k":100,"ix":7},"sk":{"a":0,"k":0,"ix":4},"sa":{"a":0,"k":0,"ix":5},"nm":"Transform"}],"nm":"Group 4","np":2,"cix":2,"bm":0,"ix":4,"mn":"ADBE Vector Group","hd":false},{"ty":"gr","it":[{"ind":0,"ty":"sh","ix":1,"ks":{"a":0,"k":{"i":[[14.973,0],[0,0],[0,-15.204],[0,0],[0,0],[0,0]],"o":[[0,0],[14.972,0],[0,0],[0,0],[0,0],[0,-15.204]],"v":[[1.898,-36.616],[-29.007,-36.616],[-1.898,-9.086],[-1.898,36.616],[29.007,36.616],[29.007,-9.086]],"c":true},"ix":2},"nm":"Path 1","mn":"ADBE Vector Shape - Group","hd":false},{"ty":"fl","c":{"a":0,"k":[0,0.816000007181,0.894000004787,1],"ix":4},"o":{"a":0,"k":100,"ix":5},"r":1,"bm":0,"nm":"Fill 1","mn":"ADBE Vector Graphic - Fill","hd":false},{"ty":"tr","p":{"a":0,"k":[294.985,78.462],"ix":2},"a":{"a":0,"k":[0,0],"ix":1},"s":{"a":0,"k":[100,100],"ix":3},"r":{"a":0,"k":0,"ix":6},"o":{"a":0,"k":100,"ix":7},"sk":{"a":0,"k":0,"ix":4},"sa":{"a":0,"k":0,"ix":5},"nm":"Transform"}],"nm":"Group 5","np":2,"cix":2,"bm":0,"ix":5,"mn":"ADBE Vector Group","hd":false},{"ty":"gr","it":[{"ind":0,"ty":"sh","ix":1,"ks":{"a":0,"k":{"i":[[0,0],[0,0],[0,0],[-15.087,0],[0,0],[0,-15.087],[0,0]],"o":[[0,0],[0,0],[0,-15.087],[0,0],[15.087,0],[0,0],[0,0]],"v":[[67.992,36.615],[-67.992,36.615],[-67.992,-9.298],[-40.674,-36.615],[40.673,-36.615],[67.991,-9.298],[67.991,36.615]],"c":true},"ix":2},"nm":"Path 1","mn":"ADBE Vector Shape - Group","hd":false},{"ty":"fl","c":{"a":0,"k":[0.184000007779,0.851000019148,0.905999995213,1],"ix":4},"o":{"a":0,"k":100,"ix":5},"r":1,"bm":0,"nm":"Fill 1","mn":"ADBE Vector Graphic - Fill","hd":false},{"ty":"tr","p":{"a":0,"k":[256,78.462],"ix":2},"a":{"a":0,"k":[0,0],"ix":1},"s":{"a":0,"k":[100,100],"ix":3},"r":{"a":0,"k":0,"ix":6},"o":{"a":0,"k":100,"ix":7},"sk":{"a":0,"k":0,"ix":4},"sa":{"a":0,"k":0,"ix":5},"nm":"Transform"}],"nm":"Group 6","np":2,"cix":2,"bm":0,"ix":6,"mn":"ADBE Vector Group","hd":false},{"ty":"gr","it":[{"ind":0,"ty":"sh","ix":1,"ks":{"a":0,"k":{"i":[[0,0],[41.738,0],[0,0],[-4.575,-42.131],[0,0],[0,0]],"o":[[-4.574,-42.131],[0,0],[41.739,0],[0,0],[0,0],[0,0]],"v":[[53.907,16.481],[-27.461,-57.538],[-58.366,-57.538],[23.003,16.481],[27.461,57.538],[58.366,57.538]],"c":true},"ix":2},"nm":"Path 1","mn":"ADBE Vector Shape - Group","hd":false},{"ty":"fl","c":{"a":0,"k":[0.995999983245,0.270999983245,0.289999988032,1],"ix":4},"o":{"a":0,"k":100,"ix":5},"r":1,"bm":0,"nm":"Fill 1","mn":"ADBE Vector Graphic - Fill","hd":false},{"ty":"tr","p":{"a":0,"k":[317.136,57.538],"ix":2},"a":{"a":0,"k":[0,0],"ix":1},"s":{"a":0,"k":[100,100],"ix":3},"r":{"a":0,"k":0,"ix":6},"o":{"a":0,"k":100,"ix":7},"sk":{"a":0,"k":0,"ix":4},"sa":{"a":0,"k":0,"ix":5},"nm":"Transform"}],"nm":"Group 7","np":2,"cix":2,"bm":0,"ix":7,"mn":"ADBE Vector Group","hd":false},{"ty":"gr","it":[{"ind":0,"ty":"sh","ix":1,"ks":{"a":0,"k":{"i":[[0,0],[0,0],[0,0],[-41.738,0],[0,0],[-4.575,-42.131]],"o":[[0,0],[0,0],[4.574,-42.131],[0,0],[41.739,0],[0,0]],"v":[[119.501,57.538],[-119.501,57.538],[-115.043,16.482],[-33.675,-57.538],[33.674,-57.538],[115.043,16.482]],"c":true},"ix":2},"nm":"Path 1","mn":"ADBE Vector Shape - Group","hd":false},{"ty":"fl","c":{"a":0,"k":[1,0.380000005984,0.404000016755,1],"ix":4},"o":{"a":0,"k":100,"ix":5},"r":1,"bm":0,"nm":"Fill 1","mn":"ADBE Vector Graphic - Fill","hd":false},{"ty":"tr","p":{"a":0,"k":[256,57.539],"ix":2},"a":{"a":0,"k":[0,0],"ix":1},"s":{"a":0,"k":[100,100],"ix":3},"r":{"a":0,"k":0,"ix":6},"o":{"a":0,"k":100,"ix":7},"sk":{"a":0,"k":0,"ix":4},"sa":{"a":0,"k":0,"ix":5},"nm":"Transform"}],"nm":"Group 8","np":2,"cix":2,"bm":0,"ix":8,"mn":"ADBE Vector Group","hd":false},{"ty":"gr","it":[{"ind":0,"ty":"sh","ix":1,"ks":{"a":0,"k":{"i":[[152.388,0],[-3.285,-7.061],[0,0],[0.683,6.492],[-26.208,-6.008],[-21.905,0],[-26.199,6.007],[1.091,-10.373],[0,0],[-3.087,6.647]],"o":[[-152.388,0],[3.087,6.647],[0,0],[-1.091,-10.373],[26.199,6.007],[21.905,0],[26.208,-6.007],[-0.683,6.492],[0,0],[4.886,-10.501]],"v":[[0,-81.697],[-106.178,56.904],[-99.366,81.638],[-78.879,58.134],[-59.769,-9.952],[-0.877,0.421],[58.015,-9.952],[77.125,58.134],[99.365,81.697],[104.423,56.905]],"c":true},"ix":2},"nm":"Path 1","mn":"ADBE Vector Shape - Group","hd":false},{"ty":"fl","c":{"a":0,"k":[0.607999973671,0.322000002394,0.234999997008,1],"ix":4},"o":{"a":0,"k":100,"ix":5},"r":1,"bm":0,"nm":"Fill 1","mn":"ADBE Vector Graphic - Fill","hd":false},{"ty":"tr","p":{"a":0,"k":[256,129.116],"ix":2},"a":{"a":0,"k":[0,0],"ix":1},"s":{"a":0,"k":[100,100],"ix":3},"r":{"a":0,"k":0,"ix":6},"o":{"a":0,"k":100,"ix":7},"sk":{"a":0,"k":0,"ix":4},"sa":{"a":0,"k":0,"ix":5},"nm":"Transform"}],"nm":"Group 9","np":2,"cix":2,"bm":0,"ix":9,"mn":"ADBE Vector Group","hd":false},{"ty":"gr","it":[{"ind":0,"ty":"sh","ix":1,"ks":{"a":0,"k":{"i":[[54.878,0],[5.036,-0.786],[0,-49.622],[0,0],[47.635,-7.431],[-5.251,0],[0,54.981],[0,0]],"o":[[-5.257,0],[47.539,7.423],[0,0],[0,49.72],[5.031,0.787],[54.981,0],[0,0],[0.001,-54.879]],"v":[[-41.87,-133.079],[-57.323,-131.881],[26.59,-33.714],[26.59,33.527],[-57.495,131.88],[-42.058,133.079],[57.495,33.527],[57.495,-33.714]],"c":true},"ix":2},"nm":"Path 1","mn":"ADBE Vector Shape - Group","hd":false},{"ty":"fl","c":{"a":0,"k":[1,0.745000023935,0.677999997606,1],"ix":4},"o":{"a":0,"k":100,"ix":5},"r":1,"bm":0,"nm":"Fill 1","mn":"ADBE Vector Graphic - Fill","hd":false},{"ty":"tr","p":{"a":0,"k":[297.87,198.301],"ix":2},"a":{"a":0,"k":[0,0],"ix":1},"s":{"a":0,"k":[100,100],"ix":3},"r":{"a":0,"k":0,"ix":6},"o":{"a":0,"k":100,"ix":7},"sk":{"a":0,"k":0,"ix":4},"sa":{"a":0,"k":0,"ix":5},"nm":"Transform"}],"nm":"Group 10","np":2,"cix":2,"bm":0,"ix":10,"mn":"ADBE Vector Group","hd":false},{"ty":"gr","it":[{"ind":0,"ty":"sh","ix":1,"ks":{"a":0,"k":{"i":[[0,54.774],[0,0],[-54.879,0],[0,-54.879],[0,0],[54.982,0]],"o":[[0,0],[0,-54.878],[54.878,0],[0,0],[0,54.98],[-54.775,0]],"v":[[-99.366,33.9],[-99.366,-33.714],[0,-133.079],[99.366,-33.714],[99.366,33.526],[-0.187,133.079]],"c":true},"ix":2},"nm":"Path 1","mn":"ADBE Vector Shape - Group","hd":false},{"ty":"fl","c":{"a":0,"k":[1,0.847000002394,0.791999966491,1],"ix":4},"o":{"a":0,"k":100,"ix":5},"r":1,"bm":0,"nm":"Fill 1","mn":"ADBE Vector Graphic - Fill","hd":false},{"ty":"tr","p":{"a":0,"k":[256,198.3],"ix":2},"a":{"a":0,"k":[0,0],"ix":1},"s":{"a":0,"k":[100,100],"ix":3},"r":{"a":0,"k":0,"ix":6},"o":{"a":0,"k":100,"ix":7},"sk":{"a":0,"k":0,"ix":4},"sa":{"a":0,"k":0,"ix":5},"nm":"Transform"}],"nm":"Group 11","np":2,"cix":2,"bm":0,"ix":11,"mn":"ADBE Vector Group","hd":false},{"ty":"gr","it":[{"ind":0,"ty":"sh","ix":1,"ks":{"a":0,"k":{"i":[[0,-22.54],[-17.003,0],[0,22.54],[17.004,0]],"o":[[0,22.539],[17.003,0],[0,-22.54],[-17.004,0]],"v":[[-28.834,0],[1.953,40.811],[28.834,-2.712],[1.953,-40.811]],"c":true},"ix":2},"nm":"Path 1","mn":"ADBE Vector Shape - Group","hd":false},{"ty":"fl","c":{"a":0,"k":[1,0.745000023935,0.677999997606,1],"ix":4},"o":{"a":0,"k":100,"ix":5},"r":1,"bm":0,"nm":"Fill 1","mn":"ADBE Vector Graphic - Fill","hd":false},{"ty":"tr","p":{"a":0,"k":[370.448,205.773],"ix":2},"a":{"a":0,"k":[0,0],"ix":1},"s":{"a":0,"k":[100,100],"ix":3},"r":{"a":0,"k":0,"ix":6},"o":{"a":0,"k":100,"ix":7},"sk":{"a":0,"k":0,"ix":4},"sa":{"a":0,"k":0,"ix":5},"nm":"Transform"}],"nm":"Group 12","np":2,"cix":2,"bm":0,"ix":12,"mn":"ADBE Vector Group","hd":false},{"ty":"gr","it":[{"ind":0,"ty":"sh","ix":1,"ks":{"a":0,"k":{"i":[[0,-22.54],[17.003,0],[0,22.54],[-17.004,0]],"o":[[0,22.539],[-17.003,0],[0,-22.54],[17.004,0]],"v":[[28.834,0],[-1.953,40.811],[-28.834,-2.712],[-1.953,-40.811]],"c":true},"ix":2},"nm":"Path 1","mn":"ADBE Vector Shape - Group","hd":false},{"ty":"fl","c":{"a":0,"k":[1,0.745000023935,0.677999997606,1],"ix":4},"o":{"a":0,"k":100,"ix":5},"r":1,"bm":0,"nm":"Fill 1","mn":"ADBE Vector Graphic - Fill","hd":false},{"ty":"tr","p":{"a":0,"k":[141.552,205.773],"ix":2},"a":{"a":0,"k":[0,0],"ix":1},"s":{"a":0,"k":[100,100],"ix":3},"r":{"a":0,"k":0,"ix":6},"o":{"a":0,"k":100,"ix":7},"sk":{"a":0,"k":0,"ix":4},"sa":{"a":0,"k":0,"ix":5},"nm":"Transform"}],"nm":"Group 13","np":2,"cix":2,"bm":0,"ix":13,"mn":"ADBE Vector Group","hd":false}],"ip":0,"op":1800,"st":0,"bm":0},{"ddd":0,"ind":8,"ty":4,"nm":"Collar Outlines","sr":1,"ks":{"o":{"a":0,"k":100,"ix":11},"r":{"a":0,"k":0,"ix":10},"p":{"a":0,"k":[256,389.905,0],"ix":2},"a":{"a":0,"k":[256,389.905,0],"ix":1},"s":{"a":0,"k":[100,100,100],"ix":6}},"ao":0,"shapes":[{"ty":"gr","it":[{"ind":0,"ty":"sh","ix":1,"ks":{"a":0,"k":{"i":[[0,0],[-33.863,-19.729],[19.477,6.829],[2.961,11.723],[-2.523,1.711]],"o":[[0,0],[0,0],[-15.432,-5.411],[-0.747,-2.955],[0,0]],"v":[[2.398,-41.104],[33.303,19.603],[-5.43,34.274],[-32.556,-11.645],[-29.592,-19.411]],"c":true},"ix":2},"nm":"Path 1","mn":"ADBE Vector Shape - Group","hd":false},{"ty":"fl","c":{"a":0,"k":[0.961000031116,0.948999980852,0.957000014361,1],"ix":4},"o":{"a":0,"k":100,"ix":5},"r":1,"bm":0,"nm":"Fill 1","mn":"ADBE Vector Graphic - Fill","hd":false},{"ty":"tr","p":{"a":0,"k":[222.697,392.649],"ix":2},"a":{"a":0,"k":[0,0],"ix":1},"s":{"a":0,"k":[100,100],"ix":3},"r":{"a":0,"k":0,"ix":6},"o":{"a":0,"k":100,"ix":7},"sk":{"a":0,"k":0,"ix":4},"sa":{"a":0,"k":0,"ix":5},"nm":"Transform"}],"nm":"Group 1","np":2,"cix":2,"bm":0,"ix":1,"mn":"ADBE Vector Group","hd":false},{"ty":"gr","it":[{"ind":0,"ty":"sh","ix":1,"ks":{"a":0,"k":{"i":[[0,0],[33.863,-19.729],[-19.477,6.829],[-2.961,11.723],[2.524,1.711]],"o":[[0,0],[0,0],[15.432,-5.411],[0.747,-2.955],[0,0]],"v":[[-2.398,-41.104],[-33.303,19.603],[5.43,34.274],[32.556,-11.645],[29.591,-19.411]],"c":true},"ix":2},"nm":"Path 1","mn":"ADBE Vector Shape - Group","hd":false},{"ty":"fl","c":{"a":0,"k":[0.961000031116,0.948999980852,0.957000014361,1],"ix":4},"o":{"a":0,"k":100,"ix":5},"r":1,"bm":0,"nm":"Fill 1","mn":"ADBE Vector Graphic - Fill","hd":false},{"ty":"tr","p":{"a":0,"k":[289.303,392.649],"ix":2},"a":{"a":0,"k":[0,0],"ix":1},"s":{"a":0,"k":[100,100],"ix":3},"r":{"a":0,"k":0,"ix":6},"o":{"a":0,"k":100,"ix":7},"sk":{"a":0,"k":0,"ix":4},"sa":{"a":0,"k":0,"ix":5},"nm":"Transform"}],"nm":"Group 2","np":2,"cix":2,"bm":0,"ix":2,"mn":"ADBE Vector Group","hd":false}],"ip":0,"op":1800,"st":0,"bm":0},{"ddd":0,"ind":9,"ty":4,"nm":"Neck Outlines","parent":10,"sr":1,"ks":{"o":{"a":0,"k":100,"ix":11},"r":{"a":0,"k":0,"ix":10},"p":{"a":0,"k":[256,412.253,0],"ix":2},"a":{"a":0,"k":[256,412.253,0],"ix":1},"s":{"a":0,"k":[100,100,100],"ix":6}},"ao":0,"shapes":[{"ty":"gr","it":[{"ind":0,"ty":"sh","ix":1,"ks":{"a":0,"k":{"i":[[0,0],[0,0],[0,0],[0,0]],"o":[[0,0],[0,0],[0,0],[0,0]],"v":[[-15.405,-74.505],[15.452,-50.255],[15.452,50.254],[-15.453,50.254]],"c":true},"ix":2},"nm":"Path 1","mn":"ADBE Vector Shape - Group","hd":false},{"ty":"fl","c":{"a":0,"k":[1,0.745000023935,0.677999997606,1],"ix":4},"o":{"a":0,"k":100,"ix":5},"r":1,"bm":0,"nm":"Fill 1","mn":"ADBE Vector Graphic - Fill","hd":false},{"ty":"tr","p":{"a":0,"k":[271.453,362],"ix":2},"a":{"a":0,"k":[0,0],"ix":1},"s":{"a":0,"k":[100,100],"ix":3},"r":{"a":0,"k":0,"ix":6},"o":{"a":0,"k":100,"ix":7},"sk":{"a":0,"k":0,"ix":4},"sa":{"a":0,"k":0,"ix":5},"nm":"Transform"}],"nm":"Group 1","np":2,"cix":2,"bm":0,"ix":1,"mn":"ADBE Vector Group","hd":false},{"ty":"gr","it":[{"ind":0,"ty":"sh","ix":1,"ks":{"a":0,"k":{"i":[[0,0],[0,0],[0,0],[0,0],[0,0]],"o":[[0,0],[0,0],[0,0],[0,0],[0,0]],"v":[[-30.905,-50.255],[-0.751,-74.755],[30.906,-50.255],[30.906,50.254],[-30.905,50.254]],"c":true},"ix":2},"nm":"Path 1","mn":"ADBE Vector Shape - Group","hd":false},{"ty":"fl","c":{"a":0,"k":[1,0.847000002394,0.791999966491,1],"ix":4},"o":{"a":0,"k":100,"ix":5},"r":1,"bm":0,"nm":"Fill 1","mn":"ADBE Vector Graphic - Fill","hd":false},{"ty":"tr","p":{"a":0,"k":[256,362],"ix":2},"a":{"a":0,"k":[0,0],"ix":1},"s":{"a":0,"k":[100,100],"ix":3},"r":{"a":0,"k":0,"ix":6},"o":{"a":0,"k":100,"ix":7},"sk":{"a":0,"k":0,"ix":4},"sa":{"a":0,"k":0,"ix":5},"nm":"Transform"}],"nm":"Group 2","np":2,"cix":2,"bm":0,"ix":2,"mn":"ADBE Vector Group","hd":false}],"ip":0,"op":1800,"st":0,"bm":0},{"ddd":0,"ind":10,"ty":4,"nm":"Body Outlines","sr":1,"ks":{"o":{"a":0,"k":100,"ix":11},"r":{"a":0,"k":0,"ix":10},"p":{"a":0,"k":[256,256,0],"ix":2},"a":{"a":0,"k":[256,256,0],"ix":1},"s":{"a":0,"k":[100,100,100],"ix":6}},"ao":0,"shapes":[{"ty":"gr","it":[{"ind":0,"ty":"sh","ix":1,"ks":{"a":0,"k":{"i":[[4.143,0],[0,-4.142],[0,0],[-4.143,0],[0,4.143],[0,0]],"o":[[-4.143,0],[0,0],[0,4.143],[4.143,0],[0,0],[0,-4.143]],"v":[[0,-9.561],[-7.5,-2.061],[-7.5,2.06],[0,9.56],[7.5,2.06],[7.5,-2.061]],"c":true},"ix":2},"nm":"Path 1","mn":"ADBE Vector Shape - Group","hd":false},{"ty":"fl","c":{"a":0,"k":[0.40800000359,0.380000005984,0.411999990426,1],"ix":4},"o":{"a":0,"k":100,"ix":5},"r":1,"bm":0,"nm":"Fill 1","mn":"ADBE Vector Graphic - Fill","hd":false},{"ty":"tr","p":{"a":0,"k":[256,477.37],"ix":2},"a":{"a":0,"k":[0,0],"ix":1},"s":{"a":0,"k":[100,100],"ix":3},"r":{"a":0,"k":0,"ix":6},"o":{"a":0,"k":100,"ix":7},"sk":{"a":0,"k":0,"ix":4},"sa":{"a":0,"k":0,"ix":5},"nm":"Transform"}],"nm":"Group 1","np":2,"cix":2,"bm":0,"ix":1,"mn":"ADBE Vector Group","hd":false},{"ty":"gr","it":[{"ind":0,"ty":"sh","ix":1,"ks":{"a":0,"k":{"i":[[4.143,0],[0,-4.142],[0,0],[-4.143,0],[0,4.143],[0,0]],"o":[[-4.143,0],[0,0],[0,4.143],[4.143,0],[0,0],[0,-4.142]],"v":[[0,-9.561],[-7.5,-2.061],[-7.5,2.06],[0,9.56],[7.5,2.06],[7.5,-2.061]],"c":true},"ix":2},"nm":"Path 1","mn":"ADBE Vector Shape - Group","hd":false},{"ty":"fl","c":{"a":0,"k":[0.40800000359,0.380000005984,0.411999990426,1],"ix":4},"o":{"a":0,"k":100,"ix":5},"r":1,"bm":0,"nm":"Fill 1","mn":"ADBE Vector Graphic - Fill","hd":false},{"ty":"tr","p":{"a":0,"k":[256,445.038],"ix":2},"a":{"a":0,"k":[0,0],"ix":1},"s":{"a":0,"k":[100,100],"ix":3},"r":{"a":0,"k":0,"ix":6},"o":{"a":0,"k":100,"ix":7},"sk":{"a":0,"k":0,"ix":4},"sa":{"a":0,"k":0,"ix":5},"nm":"Transform"}],"nm":"Group 2","np":2,"cix":2,"bm":0,"ix":2,"mn":"ADBE Vector Group","hd":false},{"ty":"gr","it":[{"ind":0,"ty":"sh","ix":1,"ks":{"a":0,"k":{"i":[[4.76,0],[0,0],[0,4.761],[0,0],[-4.761,0],[0,0],[0,-4.76],[0,0]],"o":[[0,0],[-4.76,0],[0,0],[0,-4.759],[0,0],[4.76,0],[0,0],[0,4.761]],"v":[[19.97,15.004],[-19.97,15.004],[-28.59,6.384],[-28.59,-6.385],[-19.97,-15.004],[19.97,-15.004],[28.59,-6.385],[28.59,6.384]],"c":true},"ix":2},"nm":"Path 1","mn":"ADBE Vector Shape - Group","hd":false},{"ty":"fl","c":{"a":0,"k":[0.961000031116,0.948999980852,0.957000014361,1],"ix":4},"o":{"a":0,"k":100,"ix":5},"r":1,"bm":0,"nm":"Fill 1","mn":"ADBE Vector Graphic - Fill","hd":false},{"ty":"tr","p":{"a":0,"k":[329.821,473.447],"ix":2},"a":{"a":0,"k":[0,0],"ix":1},"s":{"a":0,"k":[100,100],"ix":3},"r":{"a":0,"k":0,"ix":6},"o":{"a":0,"k":100,"ix":7},"sk":{"a":0,"k":0,"ix":4},"sa":{"a":0,"k":0,"ix":5},"nm":"Transform"}],"nm":"Group 3","np":2,"cix":2,"bm":0,"ix":3,"mn":"ADBE Vector Group","hd":false},{"ty":"gr","it":[{"ind":0,"ty":"sh","ix":1,"ks":{"a":0,"k":{"i":[[51.375,0],[0,0],[0,-51.374],[0,0],[9.448,0],[0,0],[0,9.448],[0,0]],"o":[[0,0],[51.375,0],[0,0],[0,9.448],[0,0],[9.448,0],[0,0],[0,-51.374]],"v":[[-31.059,-68.118],[-61.964,-68.118],[31.058,24.904],[31.058,51.011],[13.951,68.118],[44.856,68.118],[61.964,51.011],[61.964,24.904]],"c":true},"ix":2},"nm":"Path 1","mn":"ADBE Vector Shape - Group","hd":false},{"ty":"fl","c":{"a":0,"k":[0.995999983245,0.270999983245,0.289999988032,1],"ix":4},"o":{"a":0,"k":100,"ix":5},"r":1,"bm":0,"nm":"Fill 1","mn":"ADBE Vector Graphic - Fill","hd":false},{"ty":"tr","p":{"a":0,"k":[348.563,443.882],"ix":2},"a":{"a":0,"k":[0,0],"ix":1},"s":{"a":0,"k":[100,100],"ix":3},"r":{"a":0,"k":0,"ix":6},"o":{"a":0,"k":100,"ix":7},"sk":{"a":0,"k":0,"ix":4},"sa":{"a":0,"k":0,"ix":5},"nm":"Transform"}],"nm":"Group 4","np":2,"cix":2,"bm":0,"ix":4,"mn":"ADBE Vector Group","hd":false},{"ty":"gr","it":[{"ind":0,"ty":"sh","ix":1,"ks":{"a":0,"k":{"i":[[9.448,0],[0,0],[0,9.448],[0,0],[-51.375,0],[0,0],[0,-51.375],[0,0]],"o":[[0,0],[-9.448,0],[0,0],[0,-51.375],[0,0],[51.375,0],[0,0],[0,9.448]],"v":[[137.42,68.118],[-137.42,68.118],[-154.527,51.011],[-154.527,24.904],[-61.505,-68.118],[61.505,-68.118],[154.527,24.904],[154.527,51.011]],"c":true},"ix":2},"nm":"Path 1","mn":"ADBE Vector Shape - Group","hd":false},{"ty":"fl","c":{"a":0,"k":[1,0.380000005984,0.404000016755,1],"ix":4},"o":{"a":0,"k":100,"ix":5},"r":1,"bm":0,"nm":"Fill 1","mn":"ADBE Vector Graphic - Fill","hd":false},{"ty":"tr","p":{"a":0,"k":[256,443.882],"ix":2},"a":{"a":0,"k":[0,0],"ix":1},"s":{"a":0,"k":[100,100],"ix":3},"r":{"a":0,"k":0,"ix":6},"o":{"a":0,"k":100,"ix":7},"sk":{"a":0,"k":0,"ix":4},"sa":{"a":0,"k":0,"ix":5},"nm":"Transform"}],"nm":"Group 5","np":2,"cix":2,"bm":0,"ix":5,"mn":"ADBE Vector Group","hd":false}],"ip":0,"op":1800,"st":0,"bm":0}],"markers":[]}